[{"id":"user-image-funciones-.webp","publicUrl":"np://user.desktop.nicepage.com/Site_1931530086/images/funciones-.webp","size":170380,"hash":"6Zj+2pPvRqlI7kKtUwRYTmzW+y8=","fileName":"funciones-.webp","name":"funciones-","width":791,"height":1023,"thumbnail":{"url":"np://user.desktop.nicepage.com/Site_1931530086/images/funciones-.webp","width":193,"height":250},"folderId":null,"usages":["11512851"]},{"id":"user-image-ARDJ.jpg","publicUrl":"np://user.desktop.nicepage.com/Site_1931530086/images/ARDJ.jpg","size":25134,"hash":"s+Odf9nT0LuJHDXU50AMdfqPh20=","fileName":"ARDJ.jpg","name":"ARDJ","width":720,"height":705,"thumbnail":{"url":"np://user.desktop.nicepage.com/Site_1931530086/images/thumbnails/ARDJ.jpg","width":250,"height":245},"folderId":null,"usages":["11512851"]},{"id":"user-image-MA.png","publicUrl":"np://user.desktop.nicepage.com/Site_1931530086/images/MA.png","size":2146625,"hash":"qQG6mhh2sSPxF++yyLakZYNEMLw=","fileName":"MA.png","name":"MA","width":1545,"height":2000,"thumbnail":{"url":"np://user.desktop.nicepage.com/Site_1931530086/images/thumbnails/MA.png","width":193,"height":250},"folderId":null,"usages":["77773083"]},{"id":"user-image-infor.png","publicUrl":"np://user.desktop.nicepage.com/Site_1931530086/images/infor.png","size":1975688,"hash":"NTtkl7XJlUpBSJTV2Gjr3kw4uV0=","fileName":"infor.png","name":"infor","width":1545,"height":2000,"thumbnail":{"url":"np://user.desktop.nicepage.com/Site_1931530086/images/thumbnails/infor.png","width":193,"height":250},"folderId":null,"usages":["77773083"]},{"id":"user-image-Capturadepantalla2024-06-07042501.png","publicUrl":"np://user.desktop.nicepage.com/Site_1931530086/images/Capturadepantalla2024-06-07042501.png","size":185516,"hash":"7zlNDOADRMYKakFI4jMtUO4uF/k=","fileName":"Capturadepantalla2024-06-07042501.png","name":"Capturadepantalla2024-06-07042501","width":667,"height":858,"thumbnail":{"url":"np://user.desktop.nicepage.com/Site_1931530086/images/thumbnails/Capturadepantalla2024-06-07042501.png","width":194,"height":250},"folderId":null,"usages":["11512851"]},{"id":"user-image-japon_torii_itsukushima.jpg","publicUrl":"np://user.desktop.nicepage.com/Site_1931530086/images/japon_torii_itsukushima.jpg","size":172329,"hash":"TTDcHshJwPBpxXEyusrFzkX1Hzs=","fileName":"japon_torii_itsukushima.jpg","name":"japon_torii_itsukushima","width":2048,"height":1365,"thumbnail":{"url":"np://user.desktop.nicepage.com/Site_1931530086/images/thumbnails/japon_torii_itsukushima.jpg","width":250,"height":167},"folderId":null,"usages":["11512851"]},{"id":"user-image-OIP7.jpeg","publicUrl":"np://user.desktop.nicepage.com/Site_1931530086/images/OIP7.jpeg","size":34490,"hash":"j3j6n9E8keWA2vOxQD6Ds9vIpl8=","fileName":"OIP7.jpeg","name":"OIP7","width":474,"height":316,"thumbnail":{"url":"np://user.desktop.nicepage.com/Site_1931530086/images/thumbnails/OIP7.jpeg","width":250,"height":167},"folderId":null,"usages":["11512851"]},{"id":"user-image-bateria.png","publicUrl":"np://user.desktop.nicepage.com/Site_1931530086/images/bateria.png","size":855332,"hash":"0Ndm256wn50jfAUYeKfOP2+Qlhw=","fileName":"bateria.png","name":"bateria","width":1545,"height":2000,"thumbnail":{"url":"np://user.desktop.nicepage.com/Site_1931530086/images/thumbnails/bateria.png","width":193,"height":250},"folderId":null,"usages":["11512851"]},{"id":"user-image-chacis.png","publicUrl":"np://user.desktop.nicepage.com/Site_1931530086/images/chacis.png","size":1172373,"hash":"mekO73J1EewTFKGH00yc23J0O0w=","fileName":"chacis.png","name":"chacis","width":1545,"height":2000,"thumbnail":{"url":"np://user.desktop.nicepage.com/Site_1931530086/images/thumbnails/chacis.png","width":193,"height":250},"folderId":null,"usages":["11512851"]},{"id":"user-image-arduinouno.png","publicUrl":"np://user.desktop.nicepage.com/Site_1931530086/images/arduinouno.png","size":1114434,"hash":"/ASQBHqiqhjeVeGdSiVgEDCBtbE=","fileName":"arduinouno.png","name":"arduinouno","width":1545,"height":2000,"thumbnail":{"url":"np://user.desktop.nicepage.com/Site_1931530086/images/thumbnails/arduinouno.png","width":193,"height":250},"folderId":null,"usages":["11512851"]},{"id":"user-image-puenteh.png","publicUrl":"np://user.desktop.nicepage.com/Site_1931530086/images/puenteh.png","size":1098123,"hash":"wHEaNc9J3y+E1lW3TeMUyN5HjvE=","fileName":"puenteh.png","name":"puenteh","width":1545,"height":2000,"thumbnail":{"url":"np://user.desktop.nicepage.com/Site_1931530086/images/thumbnails/puenteh.png","width":193,"height":250},"folderId":null,"usages":["11512851"]},{"id":"user-image-jumpers.png","publicUrl":"np://user.desktop.nicepage.com/Site_1931530086/images/jumpers.png","size":418303,"hash":"xq6Z5sJXm4P5nbknpDeenKGNzPM=","fileName":"jumpers.png","name":"jumpers","width":1545,"height":2000,"thumbnail":{"url":"np://user.desktop.nicepage.com/Site_1931530086/images/thumbnails/jumpers.png","width":193,"height":250},"folderId":null,"usages":["11512851"]},{"id":"user-image-bluethot.png","publicUrl":"np://user.desktop.nicepage.com/Site_1931530086/images/bluethot.png","size":1010825,"hash":"D3lcGwS/Cm91KCAHSVNFY94DW6I=","fileName":"bluethot.png","name":"bluethot","width":1545,"height":2000,"thumbnail":{"url":"np://user.desktop.nicepage.com/Site_1931530086/images/thumbnails/bluethot.png","width":193,"height":250},"folderId":null,"usages":["11512851"]},{"id":"user-image-masa1.png","publicUrl":"np://user.desktop.nicepage.com/Site_1931530086/images/masa1.png","size":355768,"hash":"EPSdw+QRYHbRYsrPRJn7+O3/rS0=","fileName":"masa1.png","name":"masa1","width":1545,"height":2000,"thumbnail":{"url":"np://user.desktop.nicepage.com/Site_1931530086/images/thumbnails/masa1.png","width":193,"height":250},"folderId":null,"usages":["11512851"]},{"id":"user-image-aceleracion.png","publicUrl":"np://user.desktop.nicepage.com/Site_1931530086/images/aceleracion.png","size":379593,"hash":"5MrfAemv183GyBLoBYPMZKbbDA4=","fileName":"aceleracion.png","name":"aceleracion","width":1545,"height":2000,"thumbnail":{"url":"np://user.desktop.nicepage.com/Site_1931530086/images/thumbnails/aceleracion.png","width":193,"height":250},"folderId":null,"usages":["11512851"]},{"id":"user-image-velocidadyaceleracion.png","publicUrl":"np://user.desktop.nicepage.com/Site_1931530086/images/velocidadyaceleracion.png","size":380219,"hash":"UtmDjQ/hFrXywIp2sXpEGzVauK4=","fileName":"velocidadyaceleracion.png","name":"velocidadyaceleracion","width":1545,"height":2000,"thumbnail":{"url":"np://user.desktop.nicepage.com/Site_1931530086/images/thumbnails/velocidadyaceleracion.png","width":193,"height":250},"folderId":null,"usages":["11512851"]},{"id":"user-image-1PlumandWhiteNeonModernMusicFlyerPortrait.png","publicUrl":"np://user.desktop.nicepage.com/Site_1931530086/images/1PlumandWhiteNeonModernMusicFlyerPortrait.png","size":2038620,"hash":"8HaYdwrCpAHCjlt/ERBRIuyHDOw=","fileName":"1PlumandWhiteNeonModernMusicFlyerPortrait.png","name":"1PlumandWhiteNeonModernMusicFlyerPortrait","width":1545,"height":2000,"thumbnail":{"url":"np://user.desktop.nicepage.com/Site_1931530086/images/thumbnails/1PlumandWhiteNeonModernMusicFlyerPortrait.png","width":193,"height":250},"folderId":null,"usages":["11512851"]},{"id":"user-image-arduin.webp","publicUrl":"np://user.desktop.nicepage.com/Site_1931530086/images/arduin.webp","size":312956,"hash":"hiF2euRouEKAR6SaYYUO58dQeqE=","fileName":"arduin.webp","name":"arduin","width":791,"height":1023,"thumbnail":{"url":"np://user.desktop.nicepage.com/Site_1931530086/images/arduin.webp","width":193,"height":250},"folderId":null,"usages":["11512851"]},{"id":"user-image-Untitled7.jpg","publicUrl":"np://user.desktop.nicepage.com/Site_1931530086/images/Untitled7.jpg","size":45828,"hash":"uvakgS/N1BwfqIBDGFYlMwNR/YA=","fileName":"Untitled7.jpg","name":"Untitled7","width":417,"height":460,"thumbnail":{"url":"np://user.desktop.nicepage.com/Site_1931530086/images/thumbnails/Untitled7.jpg","width":227,"height":250},"folderId":null,"originalUrl":"//images01.nicepage.com/c461c07a441a5d220e8feb1a/1404e459aa5b50d5b57c1a7f/Untitled7.jpg","usages":[]},{"id":"user-image-bggradient3.jpg","publicUrl":"np://user.desktop.nicepage.com/Site_1931530086/images/bggradient3.jpg","size":69744,"hash":"tWaRqOGJHFShRgTHhvHLoQuHxZ8=","fileName":"bggradient3.jpg","name":"bggradient3","width":1980,"height":1038,"thumbnail":{"url":"np://user.desktop.nicepage.com/Site_1931530086/images/thumbnails/bggradient3.jpg","width":250,"height":131},"folderId":null,"originalUrl":"//images01.nicepage.com/c461c07a441a5d220e8feb1a/847dd8f1352e516a8fd6ecdb/bggradient3.jpg","usages":["11512851"]},{"id":"user-image-bggradient4.jpg","publicUrl":"np://user.desktop.nicepage.com/Site_1931530086/images/bggradient4.jpg","size":17325,"hash":"2BuGO3xJ4F8XRW3Kdvw+fupmcl8=","fileName":"bggradient4.jpg","name":"bggradient4","width":1600,"height":839,"thumbnail":{"url":"np://user.desktop.nicepage.com/Site_1931530086/images/thumbnails/bggradient4.jpg","width":250,"height":131},"folderId":null,"originalUrl":"//images01.nicepage.com/c461c07a441a5d220e8feb1a/3d598ab49dfc5da483778128/bggradient4.jpg","usages":["11512851"]},{"id":"user-image-fly.png","publicUrl":"np://user.desktop.nicepage.com/Site_1931530086/images/fly.png","size":110491,"hash":"NfTKbu3PXKaKjq1doB/+Z3BXrHc=","fileName":"fly.png","name":"fly","width":634,"height":346,"thumbnail":{"url":"np://user.desktop.nicepage.com/Site_1931530086/images/thumbnails/fly.png","width":250,"height":136},"folderId":null,"originalUrl":"//images01.nicepage.com/c461c07a441a5d220e8feb1a/d9d4de5fae135ce8847dc4d8/fly.png","usages":["11512851"]},{"id":"user-image-bubbles9.png","publicUrl":"np://user.desktop.nicepage.com/Site_1931530086/images/bubbles9.png","size":350207,"hash":"LtWfBUoTji7scEenhFkASMWNkvs=","fileName":"bubbles9.png","name":"bubbles9","width":554,"height":623,"thumbnail":{"url":"np://user.desktop.nicepage.com/Site_1931530086/images/thumbnails/bubbles9.png","width":222,"height":250},"folderId":null,"originalUrl":"//images01.nicepage.com/c461c07a441a5d220e8feb1a/dc5ab1e78afe5b489ef0cfc3/bubbles9.png","usages":["11512851"]},{"id":"user-image-Untitled1.jpg","publicUrl":"np://user.desktop.nicepage.com/Site_1931530086/images/Untitled1.jpg","size":91786,"hash":"pXDQN/DOLZKOMA4mDO0nF+0+4o4=","fileName":"Untitled1.jpg","name":"Untitled1","width":700,"height":511,"thumbnail":{"url":"np://user.desktop.nicepage.com/Site_1931530086/images/thumbnails/Untitled1.jpg","width":250,"height":183},"folderId":null,"originalUrl":"//images01.nicepage.com/c461c07a441a5d220e8feb1a/b27268fef9bf5b74bc1affd8/Untitled1.jpg","usages":["11512851"]},{"id":"user-image-Untitled4.jpg","publicUrl":"np://user.desktop.nicepage.com/Site_1931530086/images/Untitled4.jpg","size":61004,"hash":"tYVO0Xv0g/v8PBqgtE0j59z6LZg=","fileName":"Untitled4.jpg","name":"Untitled4","width":1280,"height":720,"thumbnail":{"url":"np://user.desktop.nicepage.com/Site_1931530086/images/thumbnails/Untitled4.jpg","width":250,"height":141},"folderId":null,"originalUrl":"//images01.nicepage.com/c461c07a441a5d220e8feb1a/5d57a6aaff01501a8b0398fc/Untitled4.jpg","usages":["11512851"]},{"id":"user-image-robotgradientintro2.jpg","publicUrl":"np://user.desktop.nicepage.com/Site_1931530086/images/robotgradientintro2.jpg","size":77595,"hash":"0LBt7wV1MhzbfttTYtRGWhFzow0=","fileName":"robotgradientintro2.jpg","name":"robotgradientintro2","width":1600,"height":860,"thumbnail":{"url":"np://user.desktop.nicepage.com/Site_1931530086/images/thumbnails/robotgradientintro2.jpg","width":250,"height":134},"folderId":null,"originalUrl":"//images01.nicepage.com/c461c07a441a5d220e8feb1a/ef047784bc6a5cf2b81a76a6/robotgradientintro2.jpg","usages":["11512851"]},{"id":"user-image-bubbles5.png","publicUrl":"np://user.desktop.nicepage.com/Site_1931530086/images/bubbles5.png","size":358337,"hash":"l6Rq0dS6elmbgCDbQksTMHu0IW4=","fileName":"bubbles5.png","name":"bubbles5","width":576,"height":626,"thumbnail":{"url":"np://user.desktop.nicepage.com/Site_1931530086/images/thumbnails/bubbles5.png","width":230,"height":250},"folderId":null,"originalUrl":"//images01.nicepage.com/c461c07a441a5d220e8feb1a/f8eb661a1b86561ea278d55c/bubbles5.png","usages":["11512851"]},{"id":"user-image-bubbles4.png","publicUrl":"np://user.desktop.nicepage.com/Site_1931530086/images/bubbles4.png","size":289025,"hash":"ZvMITwCfwWI/WsDi9GZn5tTTo84=","fileName":"bubbles4.png","name":"bubbles4","width":600,"height":715,"thumbnail":{"url":"np://user.desktop.nicepage.com/Site_1931530086/images/thumbnails/bubbles4.png","width":210,"height":250},"folderId":null,"originalUrl":"//images01.nicepage.com/c461c07a441a5d220e8feb1a/b5f43f3a8286589f83be0618/bubbles4.png","usages":["11512851"]},{"id":"user-image-bggradient.jpg","publicUrl":"np://user.desktop.nicepage.com/Site_1931530086/images/bggradient.jpg","size":76602,"hash":"/Awd1Z2Hsz8DXkPpWx6xNm+5wmw=","fileName":"bggradient.jpg","name":"bggradient","width":1980,"height":1038,"thumbnail":{"url":"np://user.desktop.nicepage.com/Site_1931530086/images/thumbnails/bggradient.jpg","width":250,"height":131},"folderId":null,"originalUrl":"//images01.nicepage.com/c461c07a441a5d220e8feb1a/386402209ab35bf6ac892d8d/bggradient.jpg","usages":["11512851"]},{"id":"user-image-bubbles.png","publicUrl":"np://user.desktop.nicepage.com/Site_1931530086/images/bubbles.png","size":341468,"hash":"S98NFFzwHaO7CGmovnVuiABnFIc=","fileName":"bubbles.png","name":"bubbles","width":700,"height":813,"thumbnail":{"url":"np://user.desktop.nicepage.com/Site_1931530086/images/thumbnails/bubbles.png","width":215,"height":250},"folderId":null,"originalUrl":"//images01.nicepage.com/c461c07a441a5d220e8feb1a/c85ab34be8705b1fab4144ea/bubbles.png","usages":["11512851"]},{"id":"user-image-bubbles2.png","publicUrl":"np://user.desktop.nicepage.com/Site_1931530086/images/bubbles2.png","size":372476,"hash":"0zK+ohLl5dK0gPS3o8xpVgYa+ts=","fileName":"bubbles2.png","name":"bubbles2","width":800,"height":1022,"thumbnail":{"url":"np://user.desktop.nicepage.com/Site_1931530086/images/thumbnails/bubbles2.png","width":196,"height":250},"folderId":null,"originalUrl":"//images01.nicepage.com/c461c07a441a5d220e8feb1a/78325435de7e5b8f82cfa241/bubbles2.png","usages":["11512851"]},{"id":"user-image-circlegradient2.png","publicUrl":"np://user.desktop.nicepage.com/Site_1931530086/images/circlegradient2.png","size":66131,"hash":"jZrhj/glpMZsG38nv/JyFrb9d58=","fileName":"circlegradient2.png","name":"circlegradient2","width":307,"height":307,"thumbnail":{"url":"np://user.desktop.nicepage.com/Site_1931530086/images/thumbnails/circlegradient2.png","width":250,"height":250},"folderId":null,"originalUrl":"//images01.nicepage.com/c461c07a441a5d220e8feb1a/9d37c6553465529cafa82304/circlegradient2.png","usages":["11512851"]}]