[{"id":50796326,"title":"Blog Template","order":1,"templateKey":"blog","customTemplate":false,"customTemplateFilename":null,"pageLinks":[],"dateCreated":"2024-06-07T01:31:15.963Z","dateUpdated":"2024-06-07T01:31:17.644Z","folderId":null,"pageName":"Blog Template","serverPageId":null,"sectionCount":1,"status":2,"backwardUrl":null},{"id":301547587,"title":"Post Template","order":2,"templateKey":"post","customTemplate":false,"customTemplateFilename":null,"pageLinks":[],"dateCreated":"2024-06-07T01:31:16.136Z","dateUpdated":"2024-06-07T01:31:17.644Z","folderId":null,"pageName":"Post Template","serverPageId":null,"sectionCount":1,"status":2,"backwardUrl":null},{"id":1039215101,"title":"Product List Template","order":3,"templateKey":"products","customTemplate":false,"customTemplateFilename":null,"pageLinks":[],"dateCreated":"2024-06-07T01:31:16.334Z","dateUpdated":"2024-06-07T01:31:17.645Z","folderId":null,"pageName":"Product List Template","serverPageId":null,"sectionCount":1,"status":2,"backwardUrl":null},{"id":80575856,"title":"Product Details Template","order":4,"templateKey":"product","customTemplate":false,"customTemplateFilename":null,"pageLinks":[],"dateCreated":"2024-06-07T01:31:16.585Z","dateUpdated":"2024-06-07T01:31:17.645Z","folderId":null,"pageName":"Product Details Template","serverPageId":null,"sectionCount":1,"status":2,"backwardUrl":null},{"id":850208247,"title":"Shopping Cart Template","order":5,"templateKey":"cart","customTemplate":false,"customTemplateFilename":null,"pageLinks":[],"dateCreated":"2024-06-07T01:31:16.720Z","dateUpdated":"2024-06-07T01:31:17.645Z","folderId":null,"pageName":"Shopping Cart Template","serverPageId":null,"sectionCount":1,"status":2,"backwardUrl":null},{"id":47633134,"title":"Checkout Template","order":6,"templateKey":"checkout","customTemplate":false,"customTemplateFilename":null,"pageLinks":[],"dateCreated":"2024-06-07T01:31:16.898Z","dateUpdated":"2024-06-07T01:31:17.645Z","folderId":null,"pageName":"Checkout Template","serverPageId":null,"sectionCount":1,"status":2,"backwardUrl":null},{"id":67910962,"title":"Login Template","order":7,"templateKey":"login","customTemplate":false,"customTemplateFilename":null,"pageLinks":[],"dateCreated":"2024-06-07T01:31:17.012Z","dateUpdated":"2024-06-07T01:31:17.645Z","folderId":null,"pageName":"Login Template","serverPageId":null,"sectionCount":1,"status":2,"backwardUrl":null},{"id":911809057,"title":"Page Password Template","order":8,"templateKey":"password","customTemplate":false,"customTemplateFilename":null,"pageLinks":[],"dateCreated":"2024-06-07T01:31:17.090Z","dateUpdated":"2024-06-07T01:31:17.645Z","folderId":null,"pageName":"Page Password Template","serverPageId":null,"sectionCount":1,"status":2,"backwardUrl":null},{"id":658527991,"title":"404 Not Found Template","order":9,"templateKey":"404","customTemplate":false,"customTemplateFilename":null,"pageLinks":[],"dateCreated":"2024-06-07T01:31:17.163Z","dateUpdated":"2024-06-07T01:31:17.645Z","folderId":null,"pageName":"404 Not Found Template","serverPageId":null,"sectionCount":1,"status":2,"backwardUrl":null},{"id":59533587,"title":"Thank You Page Template","order":10,"templateKey":"ThankYou","customTemplate":false,"customTemplateFilename":null,"pageLinks":[],"dateCreated":"2024-06-07T01:31:17.229Z","dateUpdated":"2024-06-07T01:31:17.646Z","folderId":null,"pageName":"Thank You Page Template","serverPageId":null,"sectionCount":1,"status":2,"backwardUrl":null},{"id":11512851,"title":"Inicio","order":50,"templateKey":null,"customTemplate":false,"customTemplateFilename":null,"pageLinks":[],"dateCreated":"2024-06-07T01:32:11.517Z","dateUpdated":"2024-06-10T23:49:41.312Z","folderId":null,"pageName":"Inicio_11512851","serverPageId":null,"sectionCount":10,"status":2,"backwardUrl":null},{"id":77773083,"title":"Acerca de","order":100,"templateKey":null,"customTemplate":false,"customTemplateFilename":null,"pageLinks":[],"dateCreated":"2024-06-07T01:31:17.279Z","dateUpdated":"2024-06-10T23:31:06.184Z","folderId":null,"pageName":"Acerca de_77773083","serverPageId":null,"sectionCount":1,"status":2,"backwardUrl":null},{"id":1603012,"title":"Contacto","order":101,"templateKey":null,"customTemplate":false,"customTemplateFilename":null,"pageLinks":[],"dateCreated":"2024-06-07T01:31:17.323Z","dateUpdated":"2024-06-07T01:31:17.646Z","folderId":null,"pageName":"Contacto_1603012","serverPageId":null,"sectionCount":1,"status":2,"backwardUrl":null}]